allocated_processors,consumed_energy,execution_time,finish_time,job_id,metadata,requested_number_of_processors,requested_time,starting_time,stretch,submission_time,success,turnaround_time,waiting_time,workload_name
0,2760.000000,12.000000,12.000075,1,"",1,12.000000,0.000075,1.000006,0.000000,0,12.000075,0.000075,0a1d4c
0 5-9,2760.000000,2.000000,17.000165,10,"",6,2.000000,15.000165,4.000082,9.000000,0,8.000165,6.000165,0a1d4c
1-2,460.000000,1.000000,126.000990,100,"",2,1.000000,125.000990,27.000990,99.000000,0,27.000990,26.000990,0a1d4c
3,460.000000,2.000000,127.001005,101,"",1,2.000000,125.001005,13.500502,100.000000,0,27.001005,25.001005,0a1d4c
4,230.000000,1.000000,126.001020,102,"",1,1.000000,125.001020,25.001020,101.000000,0,25.001020,24.001020,0a1d4c
0-8,2070.000000,1.000000,138.001080,103,"",9,1.000000,137.001080,36.001080,102.000000,0,36.001080,35.001080,0a1d4c
0 3,460.000000,1.000000,128.001020,104,"",2,1.000000,127.001020,25.001020,103.000000,0,25.001020,24.001020,0a1d4c
0-9,4600.000000,2.000000,140.001110,105,"",10,2.000000,138.001110,18.000555,104.000000,0,36.001110,34.001110,0a1d4c
0-4,3450.000000,3.000000,146.001170,106,"",5,3.000000,143.001170,13.667057,105.000000,0,41.001170,38.001170,0a1d4c
0-1,460.000000,1.000000,141.001125,107,"",2,1.000000,140.001125,35.001125,106.000000,0,35.001125,34.001125,0a1d4c
2-6,3450.000000,3.000000,143.001140,108,"",5,3.000000,140.001140,12.000380,107.000000,0,36.001140,33.001140,0a1d4c
7,2760.000000,12.000000,152.001155,109,"",1,12.000000,140.001155,3.666763,108.000000,0,44.001155,32.001155,0a1d4c
6,690.000000,3.000000,13.000060,11,"",1,3.000000,10.000060,1.000020,10.000000,0,3.000060,0.000060,0a1d4c
0-5,17940.000000,13.000000,221.001305,110,"",6,13.000000,208.001305,8.615485,109.000000,0,112.001305,99.001305,0a1d4c
4,2760.000000,12.000000,23.000150,12,"",1,12.000000,11.000150,1.000012,11.000000,0,12.000150,0.000150,0a1d4c
0 5,920.000000,2.000000,14.000120,13,"",2,2.000000,12.000120,1.000060,12.000000,0,2.000120,0.000120,0a1d4c
0 5-9,1380.000000,1.000000,15.000150,14,"",6,1.000000,14.000150,2.000150,13.000000,0,2.000150,1.000150,0a1d4c
5-6,6900.000000,15.000000,32.000195,15,"",2,15.000000,17.000195,1.200013,14.000000,0,18.000195,3.000195,0a1d4c
0-7,3680.000000,2.000000,45.000330,16,"",8,2.000000,43.000330,15.000165,15.000000,0,30.000330,28.000330,0a1d4c
0,230.000000,1.000000,18.000180,17,"",1,1.000000,17.000180,2.000180,16.000000,0,2.000180,1.000180,0a1d4c
0-8,2070.000000,1.000000,87.000570,18,"",9,1.000000,86.000570,70.000570,17.000000,0,70.000570,69.000570,0a1d4c
0 2-3 7-8,3450.000000,3.000000,22.000135,19,"",5,3.000000,19.000135,1.333378,18.000000,0,4.000135,1.000135,0a1d4c
1-7,4830.000000,3.000000,4.000060,2,"",7,3.000000,1.000060,1.000020,1.000000,0,3.000060,0.000060,0a1d4c
0-3 7,3450.000000,3.000000,34.000240,20,"",5,3.000000,31.000240,5.000080,19.000000,0,15.000240,12.000240,0a1d4c
0-3 7-8,4140.000000,3.000000,25.000165,21,"",6,3.000000,22.000165,1.666722,20.000000,0,5.000165,2.000165,0a1d4c
0-7,5520.000000,3.000000,57.000450,22,"",8,3.000000,54.000450,12.000150,21.000000,0,36.000450,33.000450,0a1d4c
4 9,1380.000000,3.000000,26.000180,23,"",2,3.000000,23.000180,1.333393,22.000000,0,4.000180,1.000180,0a1d4c
0-3 7-9,3220.000000,2.000000,29.000210,24,"",7,2.000000,27.000210,3.000105,23.000000,0,6.000210,4.000210,0a1d4c
0-3 7,2300.000000,2.000000,27.000180,25,"",5,2.000000,25.000180,1.500090,24.000000,0,3.000180,1.000180,0a1d4c
0-3 7-9,3220.000000,2.000000,31.000225,26,"",7,2.000000,29.000225,3.000113,25.000000,0,6.000225,4.000225,0a1d4c
4,460.000000,2.000000,28.000195,27,"",1,2.000000,26.000195,1.000098,26.000000,0,2.000195,0.000195,0a1d4c
4,2300.000000,10.000000,38.000210,28,"",1,10.000000,28.000210,1.100021,27.000000,0,11.000210,1.000210,0a1d4c
0-4 7-8,22540.000000,14.000000,84.000510,29,"",7,14.000000,70.000510,4.000036,28.000000,0,56.000510,42.000510,0a1d4c
8,690.000000,3.000000,5.000060,3,"",1,3.000000,2.000060,1.000020,2.000000,0,3.000060,0.000060,0a1d4c
0-9,27600.000000,12.000000,183.001260,30,"",10,12.000000,171.001260,12.833438,29.000000,0,154.001260,142.001260,0a1d4c
0-7 9,4140.000000,2.000000,114.000810,31,"",9,2.000000,112.000810,42.000405,30.000000,0,84.000810,82.000810,0a1d4c
8-9,5980.000000,13.000000,44.000255,32,"",2,13.000000,31.000255,1.000020,31.000000,0,13.000255,0.000255,0a1d4c
5,690.000000,3.000000,35.000210,33,"",1,3.000000,32.000210,1.000070,32.000000,0,3.000210,0.000210,0a1d4c
0-9,2300.000000,1.000000,85.000540,34,"",10,1.000000,84.000540,52.000540,33.000000,0,52.000540,51.000540,0a1d4c
0-9,6900.000000,3.000000,125.000960,35,"",10,3.000000,122.000960,30.333653,34.000000,0,91.000960,88.000960,0a1d4c
0-3 5-7,1610.000000,1.000000,36.000240,36,"",7,1.000000,35.000240,1.000240,35.000000,0,1.000240,0.000240,0a1d4c
0-1,1380.000000,3.000000,39.000255,37,"",2,3.000000,36.000255,1.000085,36.000000,0,3.000255,0.000255,0a1d4c
2,230.000000,1.000000,38.000075,38,"",1,1.000000,37.000075,1.000075,37.000000,0,1.000075,0.000075,0a1d4c
2,690.000000,3.000000,41.000090,39,"",1,3.000000,38.000090,1.000030,38.000000,0,3.000090,0.000090,0a1d4c
2-3,6900.000000,15.000000,19.000105,4,"",2,15.000000,4.000105,1.066674,3.000000,0,16.000105,1.000105,0a1d4c
0-1 3-5,1150.000000,1.000000,40.000285,40,"",5,1.000000,39.000285,1.000285,39.000000,0,1.000285,0.000285,0a1d4c
0-1 3-5,3450.000000,3.000000,43.000300,41,"",5,3.000000,40.000300,1.000100,40.000000,0,3.000300,0.000300,0a1d4c
2 6,460.000000,1.000000,42.000120,42,"",2,1.000000,41.000120,1.000120,41.000000,0,1.000120,0.000120,0a1d4c
0-6,4830.000000,3.000000,60.000465,43,"",7,3.000000,57.000465,6.000155,42.000000,0,18.000465,15.000465,0a1d4c
8-9,6440.000000,14.000000,58.000270,44,"",2,14.000000,44.000270,1.071448,43.000000,0,15.000270,1.000270,0a1d4c
0-7,1840.000000,1.000000,46.000345,45,"",8,1.000000,45.000345,2.000345,44.000000,0,2.000345,1.000345,0a1d4c
0-1,1380.000000,3.000000,49.000360,46,"",2,3.000000,46.000360,1.333453,45.000000,0,4.000360,1.000360,0a1d4c
0-6,4830.000000,3.000000,52.000390,47,"",7,3.000000,49.000390,2.000130,46.000000,0,6.000390,3.000390,0a1d4c
0-5,1380.000000,1.000000,53.000405,48,"",6,1.000000,52.000405,6.000405,47.000000,0,6.000405,5.000405,0a1d4c
0-5,1380.000000,1.000000,54.000420,49,"",6,1.000000,53.000420,6.000420,48.000000,0,6.000420,5.000420,0a1d4c
1,460.000000,2.000000,6.000090,5,"",1,2.000000,4.000090,1.000045,4.000000,0,2.000090,0.000090,0a1d4c
0-6 8,22080.000000,12.000000,158.001200,50,"",8,12.000000,146.001200,9.083433,49.000000,0,109.001200,97.001200,0a1d4c
7,2990.000000,13.000000,70.000480,51,"",1,13.000000,57.000480,1.538498,50.000000,0,20.000480,7.000480,0a1d4c
0-6,1610.000000,1.000000,61.000480,52,"",7,1.000000,60.000480,10.000480,51.000000,0,10.000480,9.000480,0a1d4c
8-9,1380.000000,3.000000,61.000285,53,"",2,3.000000,58.000285,3.000095,52.000000,0,9.000285,6.000285,0a1d4c
5-6,4600.000000,10.000000,74.000540,54,"",2,10.000000,64.000540,2.100054,53.000000,0,21.000540,11.000540,0a1d4c
8-9,920.000000,2.000000,64.000540,55,"",2,2.000000,62.000540,5.000270,54.000000,0,10.000540,8.000540,0a1d4c
0-4,1150.000000,1.000000,63.000510,56,"",5,1.000000,62.000510,8.000510,55.000000,0,8.000510,7.000510,0a1d4c
5-6,920.000000,2.000000,64.000525,57,"",2,2.000000,62.000525,4.000262,56.000000,0,8.000525,6.000525,0a1d4c
0-7,23920.000000,13.000000,208.001290,58,"",8,13.000000,195.001290,11.615484,57.000000,0,151.001290,138.001290,0a1d4c
0-4,3450.000000,3.000000,66.000525,59,"",5,3.000000,63.000525,2.666842,58.000000,0,8.000525,5.000525,0a1d4c
4-9,4140.000000,3.000000,8.000120,6,"",6,3.000000,5.000120,1.000040,5.000000,0,3.000120,0.000120,0a1d4c
0-9,6900.000000,3.000000,161.001230,60,"",10,3.000000,158.001230,34.000410,59.000000,0,102.001230,99.001230,0a1d4c
8,460.000000,2.000000,66.000570,61,"",1,2.000000,64.000570,3.000285,60.000000,0,6.000570,4.000570,0a1d4c
9,2760.000000,12.000000,76.000585,62,"",1,12.000000,64.000585,1.250049,61.000000,0,15.000585,3.000585,0a1d4c
0-7,1840.000000,1.000000,88.000585,63,"",8,1.000000,87.000585,26.000585,62.000000,0,26.000585,25.000585,0a1d4c
5,690.000000,3.000000,77.000555,64,"",1,3.000000,74.000555,4.666852,63.000000,0,14.000555,11.000555,0a1d4c
0-9,34500.000000,15.000000,236.001335,65,"",10,15.000000,221.001335,11.466756,64.000000,0,172.001335,157.001335,0a1d4c
0-8,2070.000000,1.000000,86.000555,66,"",9,1.000000,85.000555,21.000555,65.000000,0,21.000555,20.000555,0a1d4c
9,2760.000000,12.000000,97.000570,67,"",1,12.000000,85.000570,2.583381,66.000000,0,31.000570,19.000570,0a1d4c
0-6,4830.000000,3.000000,91.000600,68,"",7,3.000000,88.000600,8.000200,67.000000,0,24.000600,21.000600,0a1d4c
7-8,1380.000000,3.000000,92.000630,69,"",2,3.000000,89.000630,8.000210,68.000000,0,24.000630,21.000630,0a1d4c
1,3450.000000,15.000000,21.000105,7,"",1,15.000000,6.000105,1.000007,6.000000,0,15.000105,0.000105,0a1d4c
8,460.000000,2.000000,89.000600,70,"",1,2.000000,87.000600,10.000300,69.000000,0,20.000600,18.000600,0a1d4c
4-5,1380.000000,3.000000,96.000675,71,"",2,3.000000,93.000675,8.666892,70.000000,0,26.000675,23.000675,0a1d4c
0-9,23000.000000,10.000000,171.001245,72,"",10,10.000000,161.001245,10.000125,71.000000,0,100.001245,90.001245,0a1d4c
0,690.000000,3.000000,94.000615,73,"",1,3.000000,91.000615,7.333538,72.000000,0,22.000615,19.000615,0a1d4c
1-5,2300.000000,2.000000,93.000630,74,"",5,2.000000,91.000630,10.000315,73.000000,0,20.000630,18.000630,0a1d4c
6-7,920.000000,2.000000,94.000660,75,"",2,2.000000,92.000660,10.000330,74.000000,0,20.000660,18.000660,0a1d4c
1-2,920.000000,2.000000,95.000645,76,"",2,2.000000,93.000645,10.000322,75.000000,0,20.000645,18.000645,0a1d4c
3,230.000000,1.000000,94.000660,77,"",1,1.000000,93.000660,18.000660,76.000000,0,18.000660,17.000660,0a1d4c
8,2530.000000,11.000000,104.000075,78,"",1,11.000000,93.000075,2.454552,77.000000,0,27.000075,16.000075,0a1d4c
0-7,27600.000000,15.000000,251.001350,79,"",8,15.000000,236.001350,11.533423,78.000000,0,173.001350,158.001350,0a1d4c
0-6 8-9,2070.000000,1.000000,62.000495,8,"",9,1.000000,61.000495,55.000495,7.000000,0,55.000495,54.000495,0a1d4c
0 3,5980.000000,13.000000,107.000705,80,"",2,13.000000,94.000705,2.153900,79.000000,0,28.000705,15.000705,0a1d4c
6-7,460.000000,1.000000,95.000675,81,"",2,1.000000,94.000675,15.000675,80.000000,0,15.000675,14.000675,0a1d4c
1-2,460.000000,1.000000,96.000660,82,"",2,1.000000,95.000660,15.000660,81.000000,0,15.000660,14.000660,0a1d4c
1-2 4-9,5520.000000,3.000000,107.000105,83,"",8,3.000000,104.000105,8.333368,82.000000,0,25.000105,22.000105,0a1d4c
0-9,4600.000000,2.000000,109.000720,84,"",10,2.000000,107.000720,13.000360,83.000000,0,26.000720,24.000720,0a1d4c
0-5,1380.000000,1.000000,110.000735,85,"",6,1.000000,109.000735,26.000735,84.000000,0,26.000735,25.000735,0a1d4c
6-7,920.000000,2.000000,111.000750,86,"",2,2.000000,109.000750,13.000375,85.000000,0,26.000750,24.000750,0a1d4c
8,2300.000000,10.000000,119.000765,87,"",1,10.000000,109.000765,3.300076,86.000000,0,33.000765,23.000765,0a1d4c
0-5 9,3220.000000,2.000000,112.000765,88,"",7,2.000000,110.000765,12.500382,87.000000,0,25.000765,23.000765,0a1d4c
6,230.000000,1.000000,112.000765,89,"",1,1.000000,111.000765,24.000765,88.000000,0,24.000765,23.000765,0a1d4c
4-5,1380.000000,3.000000,11.000135,9,"",2,3.000000,8.000135,1.000045,8.000000,0,3.000135,0.000135,0a1d4c
0-9,6900.000000,3.000000,122.000945,90,"",10,3.000000,119.000945,11.000315,89.000000,0,33.000945,30.000945,0a1d4c
0-1,920.000000,2.000000,116.000825,91,"",2,2.000000,114.000825,13.000412,90.000000,0,26.000825,24.000825,0a1d4c
2,460.000000,2.000000,116.000840,92,"",1,2.000000,114.000840,12.500420,91.000000,0,25.000840,23.000840,0a1d4c
3-4,460.000000,1.000000,115.000855,93,"",2,1.000000,114.000855,23.000855,92.000000,0,23.000855,22.000855,0a1d4c
5-6,1380.000000,3.000000,117.000870,94,"",2,3.000000,114.000870,8.000290,93.000000,0,24.000870,21.000870,0a1d4c
7,690.000000,3.000000,117.000885,95,"",1,3.000000,114.000885,7.666962,94.000000,0,23.000885,20.000885,0a1d4c
0-7,3680.000000,2.000000,119.000915,96,"",8,2.000000,117.000915,12.000458,95.000000,0,24.000915,22.000915,0a1d4c
0-7,22080.000000,12.000000,195.001275,97,"",8,12.000000,183.001275,8.250106,96.000000,0,99.001275,87.001275,0a1d4c
1-2 4-9,20240.000000,11.000000,137.001050,98,"",8,11.000000,126.001050,3.636459,97.000000,0,40.001050,29.001050,0a1d4c
0,460.000000,2.000000,127.000975,99,"",1,2.000000,125.000975,14.500487,98.000000,0,29.000975,27.000975,0a1d4c
